episode,title,anger,anticipation,disgust,fear,joy,sadness,surprise,trust,negative,positive
1,"Good News, Bad News",0.12980769230769232,0.35096153846153844,0.10576923076923077,0.16826923076923078,0.19230769230769232,0.12980769230769232,0.13942307692307693,0.23557692307692307,0.30288461538461536,0.3942307692307692
2,The Stakeout,0.05830903790087463,0.22448979591836735,0.04956268221574344,0.08746355685131195,0.14868804664723032,0.07580174927113703,0.11078717201166181,0.16034985422740525,0.16034985422740525,0.27696793002915454
3,The Robbery,0.13768115942028986,0.15579710144927536,0.05434782608695652,0.13043478260869565,0.12681159420289856,0.14130434782608695,0.06884057971014493,0.15942028985507245,0.2717391304347826,0.2318840579710145
4,Male Unbonding,0.09623430962343096,0.21338912133891214,0.06694560669456066,0.12552301255230125,0.1297071129707113,0.12552301255230125,0.07112970711297072,0.18828451882845187,0.28870292887029286,0.2928870292887029
5,The Stock Tip,0.1565217391304348,0.23478260869565218,0.0782608695652174,0.1782608695652174,0.2,0.19130434782608696,0.1391304347826087,0.2826086956521739,0.30869565217391304,0.34782608695652173
6,The Ex-Girlfriend,0.13168724279835392,0.24691358024691357,0.13580246913580246,0.16049382716049382,0.17695473251028807,0.1522633744855967,0.1646090534979424,0.25102880658436216,0.2880658436213992,0.3497942386831276
7,The Pony Remark,0.08,0.16,0.072,0.08,0.096,0.144,0.064,0.168,0.244,0.284
8,The Jacket,0.0842911877394636,0.18773946360153257,0.09578544061302682,0.13793103448275862,0.13793103448275862,0.12643678160919541,0.08812260536398467,0.19540229885057472,0.27586206896551724,0.3218390804597701
9,The Phone Message,0.08365019011406843,0.18631178707224336,0.08365019011406843,0.12547528517110265,0.13307984790874525,0.12547528517110265,0.11026615969581749,0.18250950570342206,0.25475285171102663,0.28517110266159695
10,The Apartment,0.11743772241992882,0.2526690391459075,0.10320284697508897,0.099644128113879,0.23487544483985764,0.13523131672597866,0.12811387900355872,0.2526690391459075,0.25622775800711745,0.3701067615658363
11,The Statue,0.11458333333333333,0.2222222222222222,0.10416666666666667,0.14930555555555555,0.1840277777777778,0.1423611111111111,0.11458333333333333,0.2361111111111111,0.3298611111111111,0.4479166666666667
12,The Revenge,0.1070110701107011,0.23616236162361623,0.05166051660516605,0.12177121771217712,0.1992619926199262,0.07749077490774908,0.12915129151291513,0.2878228782287823,0.21033210332103322,0.39114391143911437
13,The Heart Attack,0.16826923076923078,0.25961538461538464,0.09134615384615384,0.2932692307692308,0.21153846153846154,0.19230769230769232,0.1346153846153846,0.34615384615384615,0.32211538461538464,0.47115384615384615
14,The Deal,0.06968641114982578,0.20209059233449478,0.06968641114982578,0.09407665505226481,0.18118466898954705,0.08710801393728224,0.1254355400696864,0.20905923344947736,0.1672473867595819,0.28222996515679444
15,The Baby Shower,0.20361990950226244,0.2398190045248869,0.15384615384615385,0.2171945701357466,0.17647058823529413,0.17647058823529413,0.17647058823529413,0.248868778280543,0.40271493212669685,0.40271493212669685
16,The Chinese Restaurant,0.10638297872340426,0.24680851063829787,0.11063829787234042,0.10212765957446808,0.14893617021276595,0.08936170212765958,0.1276595744680851,0.20851063829787234,0.2680851063829787,0.39574468085106385
17,The Busboy,0.09004739336492891,0.2132701421800948,0.07109004739336493,0.15165876777251186,0.061611374407582936,0.16113744075829384,0.09004739336492891,0.15165876777251186,0.27488151658767773,0.2938388625592417
18,The Note,0.09393939393939393,0.15454545454545454,0.05757575757575758,0.09393939393939393,0.13636363636363635,0.09696969696969697,0.05454545454545454,0.15757575757575756,0.18787878787878787,0.2727272727272727
19,The Truth,0.13026819923371646,0.18773946360153257,0.10344827586206896,0.15708812260536398,0.18773946360153257,0.1839080459770115,0.12260536398467432,0.2567049808429119,0.3103448275862069,0.4061302681992337
20,The Pen,0.0797872340425532,0.13297872340425532,0.047872340425531915,0.09308510638297872,0.09574468085106383,0.08776595744680851,0.047872340425531915,0.13829787234042554,0.1702127659574468,0.20212765957446807
21,The Dog,0.10196078431372549,0.3058823529411765,0.08627450980392157,0.19215686274509805,0.11764705882352941,0.19215686274509805,0.07058823529411765,0.13333333333333333,0.3333333333333333,0.24313725490196078
22,The Library,0.09292035398230089,0.17699115044247787,0.13274336283185842,0.1504424778761062,0.11504424778761062,0.2168141592920354,0.09734513274336283,0.17699115044247787,0.35398230088495575,0.3584070796460177
23,The Parking Garage,0.11070110701107011,0.23247232472324722,0.13653136531365315,0.16605166051660517,0.12915129151291513,0.1881918819188192,0.05166051660516605,0.2177121771217712,0.34317343173431736,0.2656826568265683
24,The Cafe,0.061946902654867256,0.11504424778761062,0.05309734513274336,0.061946902654867256,0.12979351032448377,0.05604719764011799,0.07079646017699115,0.13864306784660768,0.13864306784660768,0.2536873156342183
25,The Tape,0.06645569620253164,0.20569620253164558,0.05063291139240506,0.08227848101265822,0.14873417721518986,0.06962025316455696,0.0759493670886076,0.1962025316455696,0.17721518987341772,0.2721518987341772
26,The Nose Job,0.084,0.188,0.136,0.1,0.2,0.096,0.084,0.232,0.2,0.352
27,The Stranded,0.08484848484848485,0.18181818181818182,0.09696969696969697,0.11212121212121212,0.13636363636363635,0.10606060606060606,0.08181818181818182,0.1393939393939394,0.19696969696969696,0.24848484848484848
28,The Alternate Side,0.10810810810810811,0.16554054054054054,0.060810810810810814,0.12162162162162163,0.10472972972972973,0.10472972972972973,0.10472972972972973,0.16554054054054054,0.2972972972972973,0.2702702702702703
29,The Red Dot,0.08865248226950355,0.17375886524822695,0.08156028368794327,0.08156028368794327,0.17375886524822695,0.05673758865248227,0.10283687943262411,0.14184397163120568,0.20212765957446807,0.3120567375886525
30,The Subway,0.11320754716981132,0.2389937106918239,0.11949685534591195,0.13836477987421383,0.16352201257861634,0.1509433962264151,0.1320754716981132,0.1949685534591195,0.2830188679245283,0.2893081761006289
31,The Pez Dispenser,0.1048951048951049,0.13286713286713286,0.13286713286713286,0.0979020979020979,0.16083916083916083,0.1258741258741259,0.1048951048951049,0.13636363636363635,0.2902097902097902,0.2972027972027972
32,The Suicide,0.07878787878787878,0.1606060606060606,0.09393939393939393,0.15757575757575756,0.14242424242424243,0.1393939393939394,0.09696969696969697,0.16363636363636364,0.25757575757575757,0.2727272727272727
33,The Fix-Up,0.07692307692307693,0.2408026755852843,0.08695652173913043,0.10702341137123746,0.2040133779264214,0.11371237458193979,0.12709030100334448,0.2408026755852843,0.24749163879598662,0.30434782608695654
34,The Boyfriend (1),0.0664451827242525,0.08970099667774087,0.05647840531561462,0.059800664451827246,0.09302325581395349,0.053156146179401995,0.03322259136212625,0.07973421926910298,0.15282392026578073,0.21262458471760798
35,The Boyfriend (2),0.08733624454148471,0.30131004366812225,0.06986899563318777,0.09606986899563319,0.2183406113537118,0.10480349344978165,0.1091703056768559,0.16593886462882096,0.21397379912663755,0.3056768558951965
36,The Limo,0.1018867924528302,0.2490566037735849,0.07924528301886792,0.15471698113207547,0.1509433962264151,0.1169811320754717,0.06037735849056604,0.17358490566037735,0.25660377358490566,0.3471698113207547
37,The Good Samaritan,0.11688311688311688,0.18831168831168832,0.07142857142857142,0.11038961038961038,0.19805194805194806,0.10714285714285714,0.07467532467532467,0.22727272727272727,0.2662337662337662,0.2922077922077922
38,The Letter,0.14035087719298245,0.27017543859649124,0.09824561403508772,0.12631578947368421,0.18596491228070175,0.12631578947368421,0.13333333333333333,0.24210526315789474,0.25263157894736843,0.2912280701754386
39,The Parking Space,0.10103626943005181,0.14507772020725387,0.08549222797927461,0.09067357512953368,0.10880829015544041,0.07512953367875648,0.07253886010362694,0.15803108808290156,0.20725388601036268,0.22020725388601037
40,The Keys,0.07368421052631578,0.1649122807017544,0.06666666666666667,0.12982456140350876,0.08421052631578947,0.08771929824561403,0.05964912280701754,0.10175438596491228,0.17192982456140352,0.1824561403508772
41,The Trip (1),0.08185053380782918,0.19217081850533807,0.08540925266903915,0.1423487544483986,0.11743772241992882,0.12099644128113879,0.08185053380782918,0.23843416370106763,0.24199288256227758,0.24555160142348753
42,The Trip (2),0.11673151750972763,0.1867704280155642,0.07392996108949416,0.20233463035019456,0.15953307392996108,0.12840466926070038,0.0622568093385214,0.23346303501945526,0.25680933852140075,0.31906614785992216
43,The Pitch,0.03064066852367688,0.17548746518105848,0.04178272980501393,0.0807799442896936,0.11142061281337047,0.055710306406685235,0.08356545961002786,0.2590529247910863,0.13649025069637882,0.28133704735376047
44,The Ticket,0.09248554913294797,0.1416184971098266,0.03468208092485549,0.10404624277456648,0.1069364161849711,0.09826589595375723,0.08092485549132948,0.2543352601156069,0.18208092485549132,0.2543352601156069
45,The Wallet (1),0.06666666666666667,0.20833333333333334,0.07777777777777778,0.11944444444444445,0.14722222222222223,0.1,0.12222222222222222,0.2361111111111111,0.18333333333333332,0.2388888888888889
46,The Watch (2),0.09198813056379822,0.2403560830860534,0.05934718100890208,0.0830860534124629,0.23738872403560832,0.09792284866468842,0.10979228486646884,0.26409495548961426,0.1572700296735905,0.4065281899109792
47,The Bubble Boy,0.07183908045977011,0.1896551724137931,0.10057471264367816,0.08045977011494253,0.14942528735632185,0.08045977011494253,0.08620689655172414,0.14655172413793102,0.20689655172413793,0.19540229885057472
48,The Cheever Letters,0.055384615384615386,0.13538461538461538,0.07692307692307693,0.06769230769230769,0.12,0.07076923076923076,0.05846153846153846,0.15076923076923077,0.19076923076923077,0.2553846153846154
49,The Opera,0.19272727272727272,0.29454545454545455,0.09454545454545454,0.20727272727272728,0.2872727272727273,0.22545454545454546,0.1890909090909091,0.26545454545454544,0.2690909090909091,0.46545454545454545
50,The Virgin,0.07371794871794872,0.23717948717948717,0.060897435897435896,0.11217948717948718,0.1762820512820513,0.1282051282051282,0.14423076923076922,0.27564102564102566,0.21474358974358973,0.3814102564102564
51,The Contest,0.05345911949685535,0.19811320754716982,0.06289308176100629,0.07861635220125786,0.13522012578616352,0.08490566037735849,0.06289308176100629,0.19811320754716982,0.1792452830188679,0.29874213836477986
52,The Airport,0.06756756756756757,0.2882882882882883,0.05405405405405406,0.07207207207207207,0.14864864864864866,0.1036036036036036,0.1036036036036036,0.19369369369369369,0.23423423423423423,0.30180180180180183
53,The Pick,0.07829181494661921,0.17437722419928825,0.08540925266903915,0.11387900355871886,0.16725978647686832,0.05693950177935943,0.06761565836298933,0.1708185053380783,0.2099644128113879,0.3416370106761566
54,The Movie,0.06696428571428571,0.15178571428571427,0.049107142857142856,0.07142857142857142,0.14732142857142858,0.05357142857142857,0.08928571428571429,0.20089285714285715,0.16071428571428573,0.23214285714285715
55,The Visa,0.11945392491467577,0.21160409556313994,0.10580204778156997,0.14675767918088736,0.16723549488054607,0.17064846416382254,0.1296928327645051,0.20136518771331058,0.27303754266211605,0.31399317406143346
56,The Shoes,0.0462046204620462,0.1782178217821782,0.066006600660066,0.0594059405940594,0.14521452145214522,0.0891089108910891,0.0858085808580858,0.19801980198019803,0.16831683168316833,0.31683168316831684
57,The Outing,0.06030150753768844,0.1507537688442211,0.04522613065326633,0.10552763819095477,0.12562814070351758,0.11055276381909548,0.08040201005025126,0.16080402010050251,0.271356783919598,0.23115577889447236
58,The Old Man,0.10569105691056911,0.21951219512195122,0.15853658536585366,0.16260162601626016,0.15447154471544716,0.12195121951219512,0.09349593495934959,0.17886178861788618,0.3252032520325203,0.2886178861788618
59,The Implant,0.09056603773584905,0.17358490566037735,0.0830188679245283,0.12830188679245283,0.1018867924528302,0.1811320754716981,0.12830188679245283,0.19622641509433963,0.27169811320754716,0.2679245283018868
60,The Junior Mint,0.0456989247311828,0.1693548387096774,0.06989247311827956,0.13709677419354838,0.11559139784946236,0.13709677419354838,0.08333333333333333,0.1532258064516129,0.1774193548387097,0.25
61,The Smelly Car,0.16806722689075632,0.21428571428571427,0.19327731092436976,0.13025210084033614,0.17647058823529413,0.10084033613445378,0.09243697478991597,0.19747899159663865,0.33613445378151263,0.27310924369747897
62,The Handicap Spot,0.0949367088607595,0.22151898734177214,0.060126582278481014,0.12341772151898735,0.22151898734177214,0.10759493670886076,0.12341772151898735,0.25316455696202533,0.1962025316455696,0.3575949367088608
63,The Pilot (1),0.0701219512195122,0.23780487804878048,0.07926829268292683,0.14939024390243902,0.1798780487804878,0.13109756097560976,0.08841463414634146,0.24390243902439024,0.1951219512195122,0.3201219512195122
64,The Pilot (2),0.09765625,0.17578125,0.09765625,0.14453125,0.1171875,0.13671875,0.08984375,0.1953125,0.234375,0.23046875
65,The Mango,0.07163323782234957,0.15472779369627507,0.03724928366762178,0.09169054441260745,0.166189111747851,0.09742120343839542,0.09742120343839542,0.12893982808022922,0.1518624641833811,0.25787965616045844
66,The Puffy Shirt,0.11267605633802817,0.1619718309859155,0.06690140845070422,0.07394366197183098,0.1619718309859155,0.09154929577464789,0.07042253521126761,0.2746478873239437,0.2676056338028169,0.40492957746478875
67,The Glasses,0.08641975308641975,0.1574074074074074,0.07716049382716049,0.11419753086419752,0.13580246913580246,0.09567901234567901,0.11419753086419752,0.1697530864197531,0.23148148148148148,0.24691358024691357
68,The Sniffing Accountant,0.08771929824561403,0.17251461988304093,0.05555555555555555,0.07894736842105263,0.14327485380116958,0.06432748538011696,0.08771929824561403,0.18128654970760233,0.14912280701754385,0.21929824561403508
69,The Bris,0.09433962264150944,0.1320754716981132,0.22641509433962265,0.21132075471698114,0.1471698113207547,0.2,0.04150943396226415,0.2,0.4037735849056604,0.3132075471698113
70,The Lip Reader,0.07142857142857142,0.14965986394557823,0.04421768707482993,0.09863945578231292,0.15306122448979592,0.07142857142857142,0.08843537414965986,0.16326530612244897,0.22108843537414966,0.35034013605442177
71,The Non-Fat Yogurt,0.04411764705882353,0.21470588235294116,0.1323529411764706,0.09411764705882353,0.18823529411764706,0.1323529411764706,0.10588235294117647,0.25,0.2088235294117647,0.36470588235294116
72,The Barber,0.06968641114982578,0.2264808362369338,0.05574912891986063,0.11149825783972125,0.16376306620209058,0.0975609756097561,0.0975609756097561,0.17073170731707318,0.18815331010452963,0.30662020905923343
73,The Masseuse,0.07736389684813753,0.18624641833810887,0.05730659025787966,0.10888252148997135,0.2034383954154728,0.11461318051575932,0.10028653295128939,0.16905444126074498,0.16905444126074498,0.31805157593123207
74,The Cigar Store Indian,0.05029585798816568,0.1893491124260355,0.047337278106508875,0.07100591715976332,0.1390532544378698,0.07988165680473373,0.07692307692307693,0.20414201183431951,0.15976331360946747,0.2988165680473373
75,The Conversion,0.025362318840579712,0.15217391304347827,0.050724637681159424,0.06884057971014493,0.13768115942028986,0.06884057971014493,0.06884057971014493,0.2753623188405797,0.17391304347826086,0.31521739130434784
76,The Stall,0.07386363636363637,0.1534090909090909,0.08806818181818182,0.11079545454545454,0.11079545454545454,0.09659090909090909,0.045454545454545456,0.12215909090909091,0.23295454545454544,0.2471590909090909
77,The Dinner Party,0.11504424778761062,0.18289085545722714,0.08259587020648967,0.11209439528023599,0.1592920353982301,0.10619469026548672,0.061946902654867256,0.17994100294985252,0.2861356932153392,0.30973451327433627
78,The Marine Biologist,0.07183908045977011,0.1867816091954023,0.07758620689655173,0.09770114942528736,0.16666666666666666,0.06896551724137931,0.08620689655172414,0.2557471264367816,0.23850574712643677,0.34195402298850575
79,The Pie,0.05387205387205387,0.1414141414141414,0.07744107744107744,0.10774410774410774,0.12121212121212122,0.11447811447811448,0.08080808080808081,0.16835016835016836,0.23232323232323232,0.24915824915824916
80,The Stand-In,0.06790123456790123,0.1728395061728395,0.05246913580246913,0.11728395061728394,0.16666666666666666,0.1419753086419753,0.12654320987654322,0.19753086419753085,0.20987654320987653,0.33641975308641975
81,The Wife,0.0782608695652174,0.17391304347826086,0.0782608695652174,0.0927536231884058,0.1391304347826087,0.09855072463768116,0.09855072463768116,0.13623188405797101,0.18840579710144928,0.25217391304347825
82,The Raincoats,0.06620689655172414,0.20689655172413793,0.05103448275862069,0.06896551724137931,0.11448275862068966,0.0703448275862069,0.09793103448275862,0.14344827586206896,0.1406896551724138,0.22206896551724137
84,The Fire,0.10344827586206896,0.2103448275862069,0.041379310344827586,0.10689655172413794,0.20344827586206896,0.06551724137931035,0.1724137931034483,0.24482758620689654,0.20689655172413793,0.3724137931034483
85,The Hamptons,0.04807692307692308,0.14423076923076922,0.05448717948717949,0.08974358974358974,0.22756410256410256,0.060897435897435896,0.08974358974358974,0.1762820512820513,0.16346153846153846,0.3685897435897436
86,The Opposite,0.05172413793103448,0.15862068965517243,0.05172413793103448,0.11379310344827587,0.1724137931034483,0.10689655172413794,0.10689655172413794,0.16206896551724137,0.1793103448275862,0.3448275862068966
87,The Chaperone,0.07446808510638298,0.16312056737588654,0.05319148936170213,0.09929078014184398,0.08865248226950355,0.0851063829787234,0.10283687943262411,0.16312056737588654,0.20567375886524822,0.30141843971631205
88,The Big Salad,0.10211267605633803,0.16901408450704225,0.045774647887323945,0.13380281690140844,0.13380281690140844,0.13380281690140844,0.08098591549295775,0.15492957746478872,0.22535211267605634,0.23943661971830985
89,The Pledge Drive,0.06209150326797386,0.1568627450980392,0.05555555555555555,0.0784313725490196,0.17320261437908496,0.10457516339869281,0.06209150326797386,0.19607843137254902,0.16339869281045752,0.32679738562091504
90,The Chinese Woman,0.06984126984126984,0.17142857142857143,0.06666666666666667,0.10476190476190476,0.09206349206349207,0.10158730158730159,0.06666666666666667,0.20634920634920634,0.24126984126984127,0.23174603174603176
91,The Couch,0.06269592476489028,0.1786833855799373,0.06583072100313479,0.09717868338557993,0.1724137931034483,0.14733542319749215,0.10658307210031348,0.1786833855799373,0.14420062695924765,0.3103448275862069
92,The Gymnast,0.08540925266903915,0.2206405693950178,0.08185053380782918,0.09252669039145907,0.13523131672597866,0.11743772241992882,0.11743772241992882,0.17793594306049823,0.27402135231316727,0.3202846975088968
93,The Soup,0.06701030927835051,0.13659793814432988,0.06443298969072164,0.06701030927835051,0.15463917525773196,0.059278350515463915,0.07731958762886598,0.15979381443298968,0.14948453608247422,0.33505154639175255
94,The Mom & Pop Store,0.04964539007092199,0.1453900709219858,0.04964539007092199,0.09929078014184398,0.1276595744680851,0.0851063829787234,0.0851063829787234,0.16666666666666666,0.2127659574468085,0.24822695035460993
95,The Secretary,0.06349206349206349,0.2222222222222222,0.044444444444444446,0.050793650793650794,0.18412698412698414,0.06984126984126984,0.12698412698412698,0.20634920634920634,0.14603174603174604,0.3682539682539683
96,The Race,0.06484641638225255,0.27303754266211605,0.06825938566552901,0.10580204778156997,0.18088737201365188,0.09897610921501707,0.09897610921501707,0.24914675767918087,0.24573378839590443,0.3412969283276451
97,The Switch,0.050955414012738856,0.15286624203821655,0.06050955414012739,0.07961783439490445,0.14968152866242038,0.09235668789808917,0.06050955414012739,0.1592356687898089,0.18789808917197454,0.267515923566879
98,The Label Maker,0.08708708708708708,0.2132132132132132,0.03303303303303303,0.11711711711711711,0.17117117117117117,0.08708708708708708,0.13513513513513514,0.14714714714714713,0.17417417417417416,0.2672672672672673
99,The Scofflaw,0.11142857142857143,0.15142857142857144,0.09428571428571429,0.11428571428571428,0.13142857142857142,0.13428571428571429,0.07142857142857142,0.18857142857142858,0.21428571428571427,0.23142857142857143
102,The Beard,0.08783783783783784,0.20608108108108109,0.08108108108108109,0.10135135135135136,0.1858108108108108,0.09121621621621621,0.0945945945945946,0.24662162162162163,0.22297297297297297,0.3310810810810811
103,The Kiss Hello,0.05013192612137203,0.21108179419525067,0.03430079155672823,0.0712401055408971,0.16094986807387862,0.08179419525065963,0.08443271767810026,0.17678100263852242,0.1345646437994723,0.27440633245382584
104,The Doorman,0.05214723926380368,0.1441717791411043,0.05828220858895705,0.07668711656441718,0.1165644171779141,0.0950920245398773,0.08282208588957055,0.19938650306748465,0.1656441717791411,0.2668711656441718
105,The Jimmy,0.07260726072607261,0.15181518151815182,0.0594059405940594,0.10561056105610561,0.1353135313531353,0.10561056105610561,0.066006600660066,0.1254125412541254,0.16501650165016502,0.2871287128712871
106,The Doodle,0.06853582554517133,0.1838006230529595,0.102803738317757,0.09345794392523364,0.1526479750778816,0.07165109034267912,0.10903426791277258,0.17133956386292834,0.24299065420560748,0.2897196261682243
107,The Fusilli Jerry,0.07317073170731707,0.125,0.04878048780487805,0.10975609756097561,0.11585365853658537,0.10060975609756098,0.0701219512195122,0.18902439024390244,0.15853658536585366,0.23780487804878048
108,The Diplomat's Club,0.07751937984496124,0.23255813953488372,0.050387596899224806,0.10465116279069768,0.13565891472868216,0.09689922480620156,0.11627906976744186,0.20155038759689922,0.18992248062015504,0.3023255813953488
109,The Face Painter,0.07718120805369127,0.12751677852348994,0.08053691275167785,0.09395973154362416,0.1174496644295302,0.1342281879194631,0.053691275167785234,0.1476510067114094,0.18791946308724833,0.23825503355704697
110,The Understudy,0.11392405063291139,0.24050632911392406,0.05907172995780591,0.14345991561181434,0.16877637130801687,0.21940928270042195,0.11814345991561181,0.24050632911392406,0.25738396624472576,0.33755274261603374
111,The Engagement,0.06451612903225806,0.2161290322580645,0.06129032258064516,0.0967741935483871,0.17419354838709677,0.0967741935483871,0.08709677419354839,0.18064516129032257,0.1774193548387097,0.2645161290322581
112,The Postponement,0.10784313725490197,0.23202614379084968,0.1111111111111111,0.13398692810457516,0.21895424836601307,0.12418300653594772,0.10457516339869281,0.2647058823529412,0.2581699346405229,0.3954248366013072
113,The Maestro,0.0856353591160221,0.1464088397790055,0.06353591160220995,0.10497237569060773,0.13259668508287292,0.07734806629834254,0.07458563535911603,0.1574585635359116,0.19060773480662985,0.26243093922651933
114,The Wink,0.0790273556231003,0.1762917933130699,0.0547112462006079,0.08206686930091185,0.1884498480243161,0.08814589665653495,0.12158054711246201,0.18541033434650456,0.24012158054711247,0.3677811550151976
115,The Hot Tub,0.1506276150627615,0.20502092050209206,0.09205020920502092,0.18410041841004185,0.14644351464435146,0.1589958158995816,0.10460251046025104,0.20920502092050208,0.30962343096234307,0.3263598326359833
116,The Soup Nazi,0.058524173027989825,0.12213740458015267,0.05343511450381679,0.08142493638676845,0.13740458015267176,0.08142493638676845,0.07888040712468193,0.13231552162849872,0.16030534351145037,0.356234096692112
117,The Secret Code,0.09278350515463918,0.17869415807560138,0.06529209621993128,0.13745704467353953,0.12027491408934708,0.14776632302405499,0.058419243986254296,0.2027491408934708,0.22336769759450173,0.27835051546391754
118,The Pool Guy,0.06997084548104957,0.1282798833819242,0.052478134110787174,0.07871720116618076,0.09037900874635568,0.06997084548104957,0.04956268221574344,0.09620991253644315,0.17201166180758018,0.2099125364431487
119,The Sponge,0.10410094637223975,0.1892744479495268,0.04100946372239748,0.12302839116719243,0.17350157728706625,0.06309148264984227,0.07255520504731862,0.2302839116719243,0.22082018927444794,0.3186119873817035
120,The Gum,0.07988165680473373,0.15976331360946747,0.04142011834319527,0.14201183431952663,0.17751479289940827,0.10059171597633136,0.05917159763313609,0.257396449704142,0.26331360946745563,0.28994082840236685
121,The Rye,0.10508474576271186,0.2,0.0847457627118644,0.12203389830508475,0.15932203389830507,0.12203389830508475,0.07796610169491526,0.21016949152542372,0.29491525423728815,0.26440677966101694
122,The Caddy,0.13392857142857142,0.22916666666666666,0.06845238095238096,0.12797619047619047,0.16666666666666666,0.13690476190476192,0.13392857142857142,0.2708333333333333,0.24404761904761904,0.3601190476190476
123,The Seven,0.10557184750733138,0.19941348973607037,0.05865102639296188,0.1495601173020528,0.18475073313782991,0.12609970674486803,0.07624633431085044,0.21994134897360704,0.21407624633431085,0.3841642228739003
124,The Cadillac (1),0.05913978494623656,0.15591397849462366,0.053763440860215055,0.06720430107526881,0.18010752688172044,0.056451612903225805,0.11559139784946236,0.1881720430107527,0.12365591397849462,0.2446236559139785
125,The Cadillac (2),0.08270676691729323,0.21804511278195488,0.06766917293233082,0.11654135338345864,0.14661654135338345,0.12781954887218044,0.12406015037593984,0.14661654135338345,0.23308270676691728,0.2894736842105263
126,The Shower Head,0.10828025477707007,0.17197452229299362,0.08917197452229299,0.17197452229299362,0.12420382165605096,0.11146496815286625,0.06050955414012739,0.1624203821656051,0.24522292993630573,0.24522292993630573
127,The Doll,0.061855670103092786,0.17869415807560138,0.061855670103092786,0.09965635738831616,0.20962199312714777,0.12027491408934708,0.10652920962199312,0.23024054982817868,0.23367697594501718,0.2920962199312715
128,The Friars Club (a.k.a. The Gypsies),0.05737704918032787,0.13387978142076504,0.08196721311475409,0.10655737704918032,0.08743169398907104,0.07650273224043716,0.0546448087431694,0.12568306010928962,0.18032786885245902,0.21311475409836064
129,The Wig Master,0.062146892655367235,0.16666666666666666,0.031073446327683617,0.062146892655367235,0.09322033898305085,0.062146892655367235,0.05084745762711865,0.1694915254237288,0.18361581920903955,0.2457627118644068
130,The Calzone,0.11486486486486487,0.18243243243243243,0.11148648648648649,0.10135135135135136,0.1891891891891892,0.11824324324324324,0.08108108108108109,0.18243243243243243,0.21621621621621623,0.2972972972972973
131,The Bottle Deposit (1),0.09090909090909091,0.20833333333333334,0.06439393939393939,0.07575757575757576,0.10984848484848485,0.11363636363636363,0.07954545454545454,0.20454545454545456,0.2196969696969697,0.2765151515151515
132,The Bottle Deposit (2),0.08333333333333333,0.21428571428571427,0.06349206349206349,0.16666666666666666,0.19047619047619047,0.1111111111111111,0.09126984126984126,0.25396825396825395,0.24206349206349206,0.34523809523809523
133,The Wait Out,0.07665505226480836,0.1916376306620209,0.06968641114982578,0.11149825783972125,0.13240418118466898,0.10452961672473868,0.07665505226480836,0.17770034843205576,0.22996515679442509,0.26480836236933797
134,The Invitations,0.05120481927710843,0.14759036144578314,0.06626506024096386,0.06626506024096386,0.12048192771084337,0.08734939759036145,0.07228915662650602,0.1746987951807229,0.1716867469879518,0.22590361445783133
135,The Foundation,0.12297734627831715,0.1715210355987055,0.06472491909385113,0.14563106796116504,0.11974110032362459,0.12297734627831715,0.07119741100323625,0.16181229773462782,0.21035598705501618,0.26537216828478966
136,The Soul Mate,0.0924092409240924,0.19141914191419143,0.0594059405940594,0.10231023102310231,0.19471947194719472,0.132013201320132,0.10231023102310231,0.1617161716171617,0.22772277227722773,0.31683168316831684
137,The Bizarro Jerry,0.05190311418685121,0.16262975778546712,0.058823529411764705,0.07958477508650519,0.11418685121107267,0.08304498269896193,0.0657439446366782,0.14186851211072665,0.18685121107266436,0.22145328719723184
138,The Little Kicks,0.18944099378881987,0.19254658385093168,0.13975155279503104,0.20496894409937888,0.16459627329192547,0.18012422360248448,0.13975155279503104,0.17080745341614906,0.3385093167701863,0.2950310559006211
139,The Package,0.07085346215780998,0.18679549114331723,0.09500805152979067,0.14492753623188406,0.15136876006441224,0.08051529790660225,0.09339774557165861,0.26247987117552335,0.20933977455716588,0.32045088566827695
140,The Fatigues,0.1070110701107011,0.17343173431734318,0.1033210332103321,0.18081180811808117,0.13284132841328414,0.11439114391143912,0.07749077490774908,0.3062730627306273,0.2878228782287823,0.46494464944649444
141,The Checks,0.10557184750733138,0.18475073313782991,0.0469208211143695,0.08211143695014662,0.16715542521994134,0.10263929618768329,0.07331378299120235,0.22580645161290322,0.17595307917888564,0.3343108504398827
142,The Chicken Roaster,0.07936507936507936,0.19682539682539682,0.0761904761904762,0.13333333333333333,0.1492063492063492,0.09841269841269841,0.09523809523809523,0.21587301587301588,0.2,0.25396825396825395
143,The Abstinence,0.07119741100323625,0.2621359223300971,0.06472491909385113,0.1262135922330097,0.18446601941747573,0.10355987055016182,0.07766990291262135,0.32038834951456313,0.2297734627831715,0.42071197411003236
144,The Andrea Doria,0.14444444444444443,0.15555555555555556,0.14074074074074075,0.17407407407407408,0.1037037037037037,0.13333333333333333,0.08148148148148149,0.16666666666666666,0.2851851851851852,0.2518518518518518
145,The Little Jerry,0.12058823529411765,0.23823529411764705,0.07941176470588235,0.16470588235294117,0.14705882352941177,0.09705882352941177,0.10294117647058823,0.17647058823529413,0.22941176470588234,0.25882352941176473
146,The Money,0.08913649025069638,0.18662952646239556,0.05013927576601671,0.09749303621169916,0.1671309192200557,0.10863509749303621,0.10306406685236769,0.17827298050139276,0.17270194986072424,0.3008356545961003
147,The Comeback,0.10526315789473684,0.2,0.06315789473684211,0.14736842105263157,0.10526315789473684,0.12982456140350876,0.08771929824561403,0.16140350877192983,0.24210526315789474,0.21754385964912282
148,The Van Buren Boys,0.06343283582089553,0.20522388059701493,0.06343283582089553,0.07462686567164178,0.20149253731343283,0.08208955223880597,0.12313432835820895,0.1865671641791045,0.22014925373134328,0.3582089552238806
149,The Susie,0.08135593220338982,0.17627118644067796,0.05084745762711865,0.12203389830508475,0.11864406779661017,0.1152542372881356,0.1016949152542373,0.13559322033898305,0.19661016949152543,0.24067796610169492
150,The Pothole,0.08135593220338982,0.20677966101694914,0.10847457627118644,0.1288135593220339,0.15593220338983052,0.11864406779661017,0.07796610169491526,0.17288135593220338,0.25084745762711863,0.2745762711864407
151,The English Patient,0.07297297297297298,0.16756756756756758,0.04864864864864865,0.10810810810810811,0.11351351351351352,0.0918918918918919,0.05405405405405406,0.1783783783783784,0.14864864864864866,0.23783783783783785
152,The Nap,0.13309352517985612,0.15827338129496402,0.11870503597122302,0.1510791366906475,0.1223021582733813,0.11870503597122302,0.08633093525179857,0.16546762589928057,0.24820143884892087,0.2697841726618705
153,The Yada Yada,0.06462585034013606,0.14625850340136054,0.05102040816326531,0.07142857142857142,0.1292517006802721,0.11224489795918367,0.05102040816326531,0.14625850340136054,0.19387755102040816,0.24149659863945577
154,The Millennium,0.09508196721311475,0.18032786885245902,0.07540983606557378,0.12131147540983607,0.11147540983606558,0.13114754098360656,0.08196721311475409,0.17049180327868851,0.2360655737704918,0.25901639344262295
155,The Muffin Tops,0.09025270758122744,0.2490974729241877,0.07942238267148015,0.13357400722021662,0.1588447653429603,0.09025270758122744,0.05776173285198556,0.24187725631768953,0.22021660649819494,0.38267148014440433
156,The Summer of George,0.0877742946708464,0.14420062695924765,0.0438871473354232,0.10658307210031348,0.13793103448275862,0.07523510971786834,0.09717868338557993,0.14733542319749215,0.1536050156739812,0.2413793103448276
157,The Butter Shave,0.0970873786407767,0.18446601941747573,0.10355987055016182,0.11326860841423948,0.16181229773462782,0.0970873786407767,0.1262135922330097,0.1779935275080906,0.22006472491909385,0.2750809061488673
158,The Voice,0.05309734513274336,0.17699115044247787,0.07079646017699115,0.0943952802359882,0.13569321533923304,0.0855457227138643,0.08259587020648967,0.1887905604719764,0.17994100294985252,0.2536873156342183
159,The Serenity Now,0.13029315960912052,0.26384364820846906,0.10423452768729642,0.10097719869706841,0.2671009771986971,0.11726384364820847,0.1270358306188925,0.25732899022801303,0.24429967426710097,0.38762214983713356
160,The Blood,0.0945945945945946,0.20608108108108109,0.0777027027027027,0.09797297297297297,0.20608108108108109,0.10135135135135136,0.09121621621621621,0.24324324324324326,0.20270270270270271,0.34121621621621623
161,The Junk Mail,0.10031347962382445,0.1786833855799373,0.06583072100313479,0.10344827586206896,0.18181818181818182,0.12852664576802508,0.034482758620689655,0.2413793103448276,0.219435736677116,0.2946708463949843
162,The Merv Griffin Show,0.06440677966101695,0.15932203389830507,0.08813559322033898,0.11186440677966102,0.1694915254237288,0.0847457627118644,0.09830508474576272,0.1694915254237288,0.25084745762711863,0.2983050847457627
163,The Slicer,0.1301775147928994,0.15384615384615385,0.1390532544378698,0.16568047337278108,0.12721893491124261,0.12130177514792899,0.10946745562130178,0.23668639053254437,0.27514792899408286,0.2781065088757396
164,The Betrayal,0.10133333333333333,0.2,0.08266666666666667,0.10133333333333333,0.15466666666666667,0.09333333333333334,0.08,0.14666666666666667,0.20533333333333334,0.22133333333333333
165,The Apology,0.134185303514377,0.1853035143769968,0.12460063897763578,0.13738019169329074,0.12140575079872204,0.1597444089456869,0.0926517571884984,0.2012779552715655,0.30990415335463256,0.2971246006389776
166,The Strike,0.0927536231884058,0.22318840579710145,0.057971014492753624,0.07246376811594203,0.1681159420289855,0.06956521739130435,0.09565217391304348,0.22028985507246376,0.21739130434782608,0.3101449275362319
167,The Dealership,0.08383233532934131,0.16467065868263472,0.04790419161676647,0.0658682634730539,0.12874251497005987,0.07784431137724551,0.09281437125748503,0.2245508982035928,0.218562874251497,0.281437125748503
168,The Reverse Peephole (a.k.a. The Man Fur),0.06325301204819277,0.1716867469879518,0.04819277108433735,0.06626506024096386,0.20180722891566266,0.07530120481927711,0.10240963855421686,0.18072289156626506,0.14759036144578314,0.35240963855421686
169,The Cartoon,0.13818181818181818,0.15272727272727274,0.13818181818181818,0.12727272727272726,0.12363636363636364,0.12363636363636364,0.13454545454545455,0.18181818181818182,0.2909090909090909,0.2727272727272727
170,The Strongbox,0.10119047619047619,0.10119047619047619,0.07738095238095238,0.16666666666666666,0.11904761904761904,0.10119047619047619,0.0744047619047619,0.1488095238095238,0.19047619047619047,0.20238095238095238
171,The Wizard,0.09198813056379822,0.24925816023738873,0.04747774480712166,0.06528189910979229,0.16023738872403562,0.12462908011869436,0.14540059347181009,0.16913946587537093,0.19584569732937684,0.3086053412462908
172,The Burning,0.17647058823529413,0.15073529411764705,0.17279411764705882,0.23161764705882354,0.11764705882352941,0.2610294117647059,0.07352941176470588,0.16176470588235295,0.3897058823529412,0.2757352941176471
173,The Bookstore,0.1773049645390071,0.1773049645390071,0.12411347517730496,0.1595744680851064,0.14893617021276595,0.12411347517730496,0.10638297872340426,0.16312056737588654,0.33687943262411346,0.2553191489361702
174,The Frogger,0.10508474576271186,0.25084745762711863,0.11864406779661017,0.14576271186440679,0.22372881355932203,0.12203389830508475,0.13559322033898305,0.2542372881355932,0.2440677966101695,0.3728813559322034
175,The Maid,0.06593406593406594,0.14285714285714285,0.03571428571428571,0.046703296703296704,0.12362637362637363,0.06043956043956044,0.04945054945054945,0.13736263736263737,0.14285714285714285,0.24175824175824176
176,The Puerto Rican Day,0.09570957095709572,0.17491749174917492,0.0627062706270627,0.10891089108910891,0.12211221122112212,0.13861386138613863,0.11551155115511551,0.15841584158415842,0.2871287128712871,0.2607260726072607
179,The Finale (1),0.1366906474820144,0.2302158273381295,0.11223021582733812,0.1669064748201439,0.16978417266187051,0.17266187050359713,0.11654676258992806,0.29640287769784174,0.33956834532374103,0.3338129496402878
